{
  "selected_model_experiment": "clean_adjusted_internal_two_stage",
  "selected_shot_profile_mode": "full",
  "selected_model_reason": "Best calibrated clean candidate by operating-threshold high-STAR OUT guardrails, then STAR ECE/Brier calibration quality, precision, accuracy, and STAR lift.",
  "selected_model_metrics": {
    "n_samples": 51.0,
    "precision_out": 0.7083333333333334,
    "precision_rot_plus": 0.875,
    "precision_star": 0.6666666666666666,
    "min_precision": 0.6666666666666666,
    "accuracy": 0.7843137254901961,
    "log_loss": 0.7582327826245854,
    "brier": 0.46258260417674874,
    "star_brier": 0.06029169370839581,
    "ece_out": 0.21525886661464733,
    "ece_rot_plus": 0.2381829920944375,
    "ece_star": 0.06449681590514392,
    "top20_star_lift": 2.5500000000000003,
    "star_auc": 0.8297872340425532,
    "star_average_precision": 0.5083333333333333,
    "star_mean_p_star": 0.2508716904278357,
    "rot_plus_mean_p_star": 0.13599379858952987,
    "out_mean_p_star": 0.03504682676038709,
    "star_out_mean_p_star_gap": 0.2158248636674486,
    "star_out_median_p_star_gap": 0.19498825037467796,
    "star_out_ks_distance": 0.9444444444444444,
    "star_out_distribution_overlap": 0.11111111111111112,
    "star_out_distribution_separation": 0.8888888888888888,
    "star_out_quantile_distance": 0.20787210361563416,
    "star_p25_minus_out_p75": 0.0828637098670468,
    "pred_out": 24.0,
    "pred_rot_plus": 24.0,
    "pred_star": 3.0,
    "actual_out": 18.0,
    "actual_rot_plus": 29.0,
    "actual_star": 4.0,
    "out_pred_star": 0.0,
    "out_p_star_ge_15": 0.0,
    "out_p_star_ge_20": 0.0,
    "out_p_star_ge_25": 0.0,
    "out_p_star_ge_30": 0.0,
    "out_p95_star": 0.11330060019030662,
    "top5_actual_star_rate": 0.5,
    "top5_mean_star_prob": 0.2688466351248793,
    "top5_star_prob_gap_abs": 0.23115336487512073,
    "top5_actual_star": 2.0,
    "top5_pred_star": 1.0,
    "top5_star_false_negatives": 1.0,
    "top5_star_recall": 0.5,
    "target_slice_out_gt15_n": 17.0,
    "target_slice_star_lt15_n": 3.0,
    "target_slice_out_mean_p_star": 0.03482564804778258,
    "target_slice_star_mean_p_star": 0.2967274514526896,
    "target_slice_mean_p_star_gap": 0.261901803404907,
    "target_slice_out_median_p_star": 0.0264140182907895,
    "target_slice_star_median_p_star": 0.32409557655216154,
    "target_slice_median_p_star_gap": 0.29768155826137205,
    "target_slice_distribution_overlap": 0.0,
    "target_slice_distribution_separation": 1.0,
    "target_slice_ks_distance": 1.0,
    "target_slice_quantile_distance": 0.2698470910594931,
    "target_slice_star_p25_minus_out_p75": 0.18728510650541313,
    "target_slice_star_p10_minus_out_p90": 0.08986124473358162,
    "target_slice_out_p90": 0.07130088667314424,
    "target_slice_star_p10": 0.16116213140672586,
    "target_slice_auc": 1.0,
    "target_slice_average_precision": 1.0,
    "experiment": "clean_adjusted_internal_two_stage",
    "model_family": "internal_calibrated_two_stage",
    "feature_group": "base",
    "calibration": "none",
    "uses_player_residuals": true,
    "uses_season_residuals": true,
    "uses_segment_residuals": false,
    "uses_residual_star_boost": false,
    "uses_top_pick_residual_boost": false,
    "uses_failure_mode_star_cap": false,
    "uses_high_value_combo_star_lift": false,
    "uses_fullfit_feature_file": false,
    "shot_profile_mode": "full",
    "uses_pathway_interactions": false,
    "uses_team_eval_teacher": false,
    "uses_trait_bucket_calibration": false,
    "uses_advanced_stat_percentiles": false,
    "uses_usage_star_percentile_interactions": false,
    "uses_usage_star_percentile_score_features": false,
    "uses_target_slice_contrast": false,
    "target_slice_contrast_model_family": "extra_trees_depth3",
    "target_slice_contrast_alpha": 0.75,
    "uses_target_slice_profile_adjustment": false,
    "target_slice_profile_positive_alpha": 0.35,
    "target_slice_profile_risk_alpha": 0.8,
    "validation_years": "2018",
    "feature_count": 346.0,
    "complete_case_train_rows": 184.0,
    "complete_case_validation_rows": 51.0,
    "dropped_train_rows_missing_data": 0.0,
    "dropped_validation_rows_missing_data": 0.0,
    "error": null
  },
  "selected_operating_thresholds": {
    "star_threshold": 0.4,
    "out_threshold": 0.7
  },
  "selected_operating_threshold_metrics": {
    "experiment": "clean_adjusted_internal_two_stage",
    "star_threshold": 0.4,
    "out_threshold": 0.7,
    "n_samples": 51.0,
    "precision_out": 0.7894736842105263,
    "precision_rot_plus": 0.8064516129032258,
    "precision_star": 1.0,
    "min_precision": 0.7894736842105263,
    "accuracy": 0.803921568627451,
    "log_loss": 0.7582327826245854,
    "brier": 0.46258260417674874,
    "star_brier": 0.06029169370839581,
    "ece_out": 0.21525886661464733,
    "ece_rot_plus": 0.2381829920944375,
    "ece_star": 0.06449681590514392,
    "top20_star_lift": 2.5500000000000003,
    "star_auc": 0.8297872340425532,
    "star_average_precision": 0.5083333333333333,
    "star_mean_p_star": 0.2508716904278357,
    "rot_plus_mean_p_star": 0.13599379858952987,
    "out_mean_p_star": 0.03504682676038709,
    "star_out_mean_p_star_gap": 0.2158248636674486,
    "star_out_median_p_star_gap": 0.19498825037467796,
    "star_out_ks_distance": 0.9444444444444444,
    "star_out_distribution_overlap": 0.11111111111111112,
    "star_out_distribution_separation": 0.8888888888888888,
    "star_out_quantile_distance": 0.20787210361563416,
    "star_p25_minus_out_p75": 0.0828637098670468,
    "pred_out": 19.0,
    "pred_rot_plus": 31.0,
    "pred_star": 1.0,
    "actual_out": 18.0,
    "actual_rot_plus": 29.0,
    "actual_star": 4.0,
    "out_pred_star": 0.0,
    "out_p_star_ge_15": 0.0,
    "out_p_star_ge_20": 0.0,
    "out_p_star_ge_25": 0.0,
    "out_p_star_ge_30": 0.0,
    "out_p95_star": 0.11330060019030662,
    "top5_actual_star_rate": 0.5,
    "top5_mean_star_prob": 0.2688466351248793,
    "top5_star_prob_gap_abs": 0.23115336487512073,
    "top5_actual_star": 2.0,
    "top5_pred_star": 1.0,
    "top5_star_false_negatives": 1.0,
    "top5_star_recall": 0.5,
    "target_slice_out_gt15_n": 17.0,
    "target_slice_star_lt15_n": 3.0,
    "target_slice_out_mean_p_star": 0.03482564804778258,
    "target_slice_star_mean_p_star": 0.2967274514526896,
    "target_slice_mean_p_star_gap": 0.261901803404907,
    "target_slice_out_median_p_star": 0.0264140182907895,
    "target_slice_star_median_p_star": 0.32409557655216154,
    "target_slice_median_p_star_gap": 0.29768155826137205,
    "target_slice_distribution_overlap": 0.0,
    "target_slice_distribution_separation": 1.0,
    "target_slice_ks_distance": 1.0,
    "target_slice_quantile_distance": 0.2698470910594931,
    "target_slice_star_p25_minus_out_p75": 0.18728510650541313,
    "target_slice_star_p10_minus_out_p90": 0.08986124473358162,
    "target_slice_out_p90": 0.07130088667314424,
    "target_slice_star_p10": 0.16116213140672586,
    "target_slice_auc": 1.0,
    "target_slice_average_precision": 1.0,
    "model_family": "internal_calibrated_two_stage",
    "feature_group": "base",
    "calibration": "none",
    "uses_segment_residuals": false,
    "uses_residual_star_boost": false,
    "uses_top_pick_residual_boost": false,
    "uses_failure_mode_star_cap": false,
    "uses_high_value_combo_star_lift": false,
    "uses_fullfit_feature_file": false,
    "shot_profile_mode": "full",
    "uses_pathway_interactions": false,
    "uses_team_eval_teacher": false,
    "uses_trait_bucket_calibration": false,
    "uses_advanced_stat_percentiles": false,
    "uses_usage_star_percentile_interactions": false,
    "uses_usage_star_percentile_score_features": false,
    "uses_target_slice_contrast": false,
    "target_slice_contrast_model_family": "extra_trees_depth3",
    "target_slice_contrast_alpha": 0.75,
    "uses_target_slice_profile_adjustment": false,
    "target_slice_profile_positive_alpha": 0.35,