{
  "validation_scheme": "leave_one_draft_year_out_train_through_2021",
  "training_start_year": 2014,
  "train_through_year": 2021,
  "selected_model_experiment": "clean_adjusted_internal_two_stage",
  "selected_shot_profile_mode": "full",
  "selected_model_metrics": {
    "n_samples": 383.0,
    "precision_out": 0.7974683544303798,
    "precision_rot_plus": 0.5631067961165048,
    "precision_star": 0.5263157894736842,
    "min_precision": 0.5263157894736842,
    "accuracy": 0.6579634464751958,
    "log_loss": 0.6881122675412447,
    "brier": 0.42134611917631987,
    "star_brier": 0.0672502914899333,
    "ece_out": 0.06991889751468187,
    "ece_rot_plus": 0.030258473910886523,
    "ece_star": 0.038649279267856204,
    "top20_star_lift": 5.319444444444445,
    "star_auc": 0.8901697086135125,
    "star_average_precision": 0.45691273703200963,
    "star_mean_p_star": 0.24235430719956183,
    "rot_plus_mean_p_star": 0.12666931442987087,
    "out_mean_p_star": 0.04010056217402411,
    "star_out_mean_p_star_gap": 0.20225374502553772,
    "star_out_median_p_star_gap": 0.1723227404721314,
    "star_out_ks_distance": 0.8602339181286549,
    "star_out_distribution_overlap": 0.15175438596491228,
    "star_out_distribution_separation": 0.8482456140350877,
    "star_out_quantile_distance": 0.20079075847012556,
    "star_p25_minus_out_p75": 0.08588042109347713,
    "pred_out": 158.0,
    "pred_rot_plus": 206.0,
    "pred_star": 19.0,
    "actual_out": 190.0,
    "actual_rot_plus": 157.0,
    "actual_star": 36.0,
    "out_pred_star": 0.0,
    "out_p_star_ge_15": 2.0,
    "out_p_star_ge_20": 1.0,
    "out_p_star_ge_25": 0.0,
    "out_p_star_ge_30": 0.0,
    "out_p95_star": 0.1148278941168227,
    "top5_actual_star_rate": 0.5454545454545454,
    "top5_mean_star_prob": 0.2502128807338319,
    "top5_star_prob_gap_abs": 0.2952416647207135,
    "top5_actual_star": 18.0,
    "top5_pred_star": 6.0,
    "top5_star_false_negatives": 12.0,
    "top5_star_recall": 0.3333333333333333,
    "target_slice_out_gt15_n": 180.0,
    "target_slice_star_lt15_n": 29.0,
    "target_slice_out_mean_p_star": 0.03993425408995265,
    "target_slice_star_mean_p_star": 0.26340221874472863,
    "target_slice_mean_p_star_gap": 0.22346796465477597,
    "target_slice_out_median_p_star": 0.027444124742305148,
    "target_slice_star_median_p_star": 0.24136459246395234,
    "target_slice_median_p_star_gap": 0.2139204677216472,
    "target_slice_distribution_overlap": 0.135632183908046,
    "target_slice_distribution_separation": 0.864367816091954,
    "target_slice_ks_distance": 0.8766283524904215,
    "target_slice_quantile_distance": 0.2221869037376932,
    "target_slice_star_p25_minus_out_p75": 0.09201257180879965,
    "target_slice_star_p10_minus_out_p90": 0.03347501663012091,
    "target_slice_out_p90": 0.08562290310159248,
    "target_slice_star_p10": 0.1190979197317134,
    "target_slice_auc": 0.9837164750957854,
    "target_slice_average_precision": 0.9200855017796418,
    "experiment": "clean_adjusted_internal_two_stage",
    "model_family": "internal_calibrated_two_stage",
    "feature_group": "base",
    "calibration": "none",
    "uses_player_residuals": true,
    "uses_season_residuals": true,
    "uses_segment_residuals": false,
    "uses_residual_star_boost": false,
    "uses_top_pick_residual_boost": false,
    "uses_failure_mode_star_cap": false,
    "uses_high_value_combo_star_lift": false,
    "uses_fullfit_feature_file": false,
    "shot_profile_mode": "full",
    "uses_pathway_interactions": false,
    "uses_team_eval_teacher": false,
    "uses_trait_bucket_calibration": false,
    "uses_advanced_stat_percentiles": false,
    "uses_usage_star_percentile_interactions": false,
    "uses_usage_star_percentile_score_features": false,
    "uses_target_slice_contrast": false,
    "target_slice_contrast_model_family": "extra_trees_depth3",
    "target_slice_contrast_alpha": 0.75,
    "uses_target_slice_profile_adjustment": false,
    "target_slice_profile_positive_alpha": 0.35,
    "target_slice_profile_risk_alpha": 0.8,
    "validation_years": "2014,2015,2016,2017,2018,2019,2020,2021",
    "feature_count": 346.0,
    "complete_case_validation_rows": 383.0,
    "unscored_validation_rows": 4.0,
    "manual_star_overrides": 11.0,
    "error": null
  },
  "selected_star_threshold": 0.25,
  "selected_out_threshold": 0.35,
  "selected_operating_threshold_metrics": {
    "n_samples": 383.0,
    "precision_out": 0.7319148936170212,
    "precision_rot_plus": 0.6779661016949152,
    "precision_star": 0.43333333333333335,
    "min_precision": 0.43333333333333335,
    "accuracy": 0.6919060052219321,
    "log_loss": 0.6881122675412447,
    "brier": 0.42134611917631987,
    "star_brier": 0.0672502914899333,
    "ece_out": 0.06991889751468187,
    "ece_rot_plus": 0.030258473910886523,
    "ece_star": 0.0386492792678562,
    "top20_star_lift": 5.319444444444445,
    "star_auc": 0.8901697086135125,
    "star_average_precision": 0.45691273703200963,
    "star_mean_p_star": 0.24235430719956177,
    "rot_plus_mean_p_star": 0.12666931442987087,
    "out_mean_p_star": 0.040100562174024114,
    "star_out_mean_p_star_gap": 0.20225374502553767,
    "star_out_median_p_star_gap": 0.1723227404721314,
    "star_out_ks_distance": 0.8602339181286549,
    "star_out_distribution_overlap": 0.15175438596491228,
    "star_out_distribution_separation": 0.8482456140350877,
    "star_out_quantile_distance": 0.20079075847012556,
    "star_p25_minus_out_p75": 0.08588042109347713,
    "pred_out": 235.0,
    "pred_rot_plus": 118.0,
    "pred_star": 30.0,
    "actual_out": 190.0,
    "actual_rot_plus": 157.0,
    "actual_star": 36.0,
    "out_pred_star": 0.0,
    "out_p_star_ge_15": 2.0,
    "out_p_star_ge_20": 1.0,
    "out_p_star_ge_25": 0.0,
    "out_p_star_ge_30": 0.0,
    "out_p95_star": 0.1148278941168227,
    "top5_actual_star_rate": 0.5454545454545454,
    "top5_mean_star_prob": 0.2502128807338319,
    "top5_star_prob_gap_abs": 0.2952416647207135,
    "top5_actual_star": 18.0,
    "top5_pred_star": 9.0,
    "top5_star_false_negatives": 9.0,
    "top5_star_recall": 0.5,
    "target_slice_out_gt15_n": 180.0,
    "target_slice_star_lt15_n": 29.0,
    "target_slice_out_mean_p_star": 0.03993425408995265,
    "target_slice_star_mean_p_star": 0.2634022187447287,
    "target_slice_mean_p_star_gap": 0.22346796465477603,
    "target_slice_out_median_p_star": 0.027444124742305148,
    "target_slice_star_median_p_star": 0.24136459246395234,
    "target_slice_median_p_star_gap": 0.2139204677216472,
    "target_slice_distribution_overlap": 0.135632183908046,
    "target_slice_distribution_separation": 0.864367816091954,
    "target_slice_ks_distance": 0.8766283524904215,
    "target_slice_quantile_distance": 0.2221869037376932,
    "target_slice_star_p25_minus_out_p75": 0.09201257180879965,
    "target_slice_star_p10_minus_out_p90": 0.03347501663012091,
    "target_slice_out_p90": 0.08562290310159248,
    "target_slice_star_p10": 0.1190979197317134,
    "target_slice_auc": 0.9837164750957854,
    "target_slice_average_precision": 0.9200855017796418
  },
  "selected_operating_threshold_row": {
    "experiment": "clean_adjusted_internal_two_stage",
    "star_threshold": 0.25,
    "out_threshold": 0.35,
    "n_samples": 383.0,
    "precision_out": 0.7319148936170212,
    "precision_rot_plus": 0.6779661016949152,
    "precision_star": 0.43333333333333335,
    "min_precision": 0.43333333333333335,
    "accuracy": 0.6919060052219321,
    "log_loss": 0.6881122675412447,
    "brier": 0.42134611917631987,
    "star_brier": 0.0672502914899333,
    "ece_out": 0.06991889751468187,
    "ece_rot_plus": 0.030258473910886523,
    "ece_star": 0.038649279267856204,
    "top20_star_lift": 5.319444444444445,
    "star_auc": 0.8901697086135125,
    "star_average_precision": 0.45691273703200963,
    "star_mean_p_star": 0.24235430719956183,
    "rot_plus_mean_p_star": 0.12666931442987087,
    "out_mean_p_star": 0.04010056217402411,